,City,Country,Date,Latitude,Longitude,Cloudiness,Humidity,Max Temp,Wind Speed
0,victoria point,AU,2020-09-29 15:08:24,-27.58,153.3,40,59,65.26400000000004,6.2
1,pochutla,MX,2020-09-29 15:06:40,15.74,-96.47,90,70,86.26999999999995,5.1
2,tateyama,JP,2020-09-29 15:08:24,34.98,139.87,67,72,64.66999999999996,6.2
3,saskylakh,RU,2020-09-29 15:08:25,71.92,114.08,15,97,25.64600000000005,2.76
4,wichita falls,US,2020-09-29 15:03:30,33.91,-98.49,1,13,82.66999999999996,2.6
5,baie-comeau,CA,2020-09-29 15:05:21,49.22,-68.15,1,82,61.069999999999965,4.1
6,saleaula,,,,,,,,
7,jutai,BR,2020-09-29 15:08:26,-5.18,-68.9,100,68,84.29000000000002,0.36
8,ilo,PE,2020-09-29 15:08:26,-17.64,-71.34,31,76,62.58200000000002,2.72
9,avarua,CK,2020-09-29 15:05:37,-21.21,-159.78,23,74,79.06999999999996,10.3
10,lachi,PK,2020-09-29 15:08:27,33.38,71.34,0,43,77.43200000000002,1.5
11,husavik,IS,2020-09-29 15:08:27,66.04,-17.34,20,77,32.26999999999996,2.1
12,tooele,US,2020-09-29 15:03:41,40.53,-112.3,1,26,73.27400000000002,3.1
13,leningradskiy,RU,2020-09-29 15:08:28,69.38,178.42,86,79,36.68000000000004,3.97
14,new norfolk,AU,2020-09-29 15:08:28,-42.78,147.06,100,75,50.26999999999996,0.92
15,zhezkazgan,KZ,2020-09-29 15:08:28,47.8,67.71,0,68,50.26999999999996,5.18
16,punta arenas,CL,2020-09-29 15:04:12,-53.15,-70.92,40,80,35.86999999999996,17.5
17,ambilobe,MG,2020-09-29 15:08:29,-13.2,49.05,8,90,71.13200000000002,1.1
18,corlu,TR,2020-09-29 15:08:30,41.16,27.8,75,87,59.26999999999996,1.5
19,roald,NO,2020-09-29 15:08:30,62.58,6.13,100,100,52.069999999999965,2.1
20,hobart,AU,2020-09-29 15:08:30,-42.88,147.33,90,71,53.86999999999996,4.6
21,mataura,NZ,2020-09-29 15:08:31,-46.19,168.86,100,91,43.26799999999999,2.68
22,ushuaia,AR,2020-09-29 15:05:49,-54.8,-68.3,75,69,37.66999999999996,11.3
23,taolanaro,,,,,,,,
24,kodiak,US,2020-09-29 15:08:31,57.79,-152.41,90,76,52.069999999999965,11.8
25,halalo,,,,,,,,
26,dakar,SN,2020-09-29 15:14:02,14.69,-17.44,0,83,82.66999999999996,2.1
27,rikitea,PF,2020-09-29 15:08:32,-23.12,-134.97,27,78,70.64600000000004,9.08
28,champerico,GT,2020-09-29 15:08:32,14.3,-91.92,40,70,86.26999999999995,6.2
29,provideniya,RU,2020-09-29 15:08:33,64.38,-173.3,90,75,41.26999999999996,2
30,hermanus,ZA,2020-09-29 15:08:33,-34.42,19.23,8,77,51.27799999999996,0.45
31,ponta do sol,PT,2020-09-29 15:08:34,32.67,-17.1,75,73,70.06999999999996,4.1
32,sechura,PE,2020-09-29 15:08:34,-5.56,-80.82,9,57,72.21199999999996,7.31
33,saint george,US,2020-09-29 15:06:07,37.1,-113.58,1,10,87.27799999999996,0.9
34,atuona,PF,2020-09-29 15:08:35,-9.8,-139.03,15,73,78.60199999999998,8.2
35,vaitape,PF,2020-09-29 15:08:35,-16.52,-151.75,4,77,79.96999999999997,10.18
36,baker,US,2020-09-29 15:06:50,30.59,-91.17,1,33,76.26199999999996,6.2
37,vaini,TO,2020-09-29 15:08:35,-21.2,-175.2,75,88,79.06999999999996,4.1
38,mahajanga,MG,2020-09-29 15:08:36,-15.72,46.32,20,88,73.66999999999996,0.5
39,zamania,IN,2020-09-29 15:08:36,25.43,83.57,52,71,75.52400000000002,1.27
40,thinadhoo,MV,2020-09-29 15:08:37,0.53,72.93,100,76,81.98599999999996,4.83
41,westport,US,2020-09-29 15:04:53,41.14,-73.36,98,99,71.27599999999998,5.35
42,illoqqortoormiut,,,,,,,,
43,dzhusaly,,,,,,,,
44,port alfred,ZA,2020-09-29 15:08:37,-33.59,26.89,58,70,57.25399999999995,2.28
45,hilo,US,2020-09-29 15:08:38,19.73,-155.09,1,66,84.46999999999997,6.2
46,anshun,CN,2020-09-29 15:08:38,26.25,105.93,93,89,58.45999999999998,1.17
47,delcevo,MK,2020-09-29 15:08:39,41.97,22.77,79,88,52.26799999999999,0.89
48,kavieng,PG,2020-09-29 15:08:39,-2.57,150.8,53,72,82.99399999999997,2.16
49,dong hoi,VN,2020-09-29 15:08:39,17.48,106.6,99,81,79.60999999999999,2.71
50,puerto ayora,EC,2020-09-29 15:08:40,-0.74,-90.35,75,69,73.66999999999996,6.2
51,east london,ZA,2020-09-29 15:08:40,-33.02,27.91,100,66,60.061999999999955,1.07
52,gizo,SB,2020-09-29 15:08:41,-8.1,156.84,59,77,82.47200000000004,4.43
53,bluff,NZ,2020-09-29 15:08:41,-46.6,168.33,98,91,43.26799999999999,2.68
54,kapaa,US,2020-09-29 15:08:41,22.08,-159.32,40,66,85.26199999999996,3.6
55,vostochnyy,RU,2020-09-29 15:08:42,55.82,37.87,99,61,53.86999999999996,4
56,yellowknife,CA,2020-09-29 15:08:42,62.46,-114.35,75,70,46.66999999999996,8.2
57,mys shmidta,,,,,,,,
58,lorengau,PG,2020-09-29 15:08:43,-2.02,147.27,49,77,82.976,4.15
59,qaanaaq,GL,2020-09-29 15:08:43,77.48,-69.36,0,80,14.59399999999997,2.96
60,boende,CD,2020-09-29 15:08:43,-0.22,20.87,75,97,70.46600000000001,0.9
61,barrow,US,2020-09-29 15:08:44,71.29,-156.79,90,97,32.26999999999996,4.1
62,waddan,LY,2020-09-29 15:08:44,29.16,16.14,0,67,77.684,5.19
63,suao,,,,,,,,
64,jiddah,,,,,,,,
65,marigot,MF,2020-09-29 15:08:45,18.07,-63.08,40,83,83.26400000000004,7.7
66,tshikapa,CD,2020-09-29 15:08:45,-6.42,20.8,100,89,74.066,0.96
67,pueblo nuevo,MX,2020-09-29 15:08:45,23.38,-105.38,3,45,74.11999999999996,3.21
68,castro,BR,2020-09-29 15:08:46,-24.79,-50.01,63,81,68.97200000000004,2.39
69,sinazongwe,ZM,2020-09-29 15:08:46,-17.26,27.46,6,62,77.52200000000005,1.75
70,chumikan,RU,2020-09-29 15:08:46,54.72,135.31,83,81,43.285999999999966,4.85
71,albany,US,2020-09-29 15:08:24,42.6,-73.97,90,77,63.266000000000005,3.6
72,mehtar lam,AF,2020-09-29 15:08:47,34.67,70.21,44,65,70.26799999999999,1.39
73,calvinia,ZA,2020-09-29 15:08:47,-31.47,19.78,0,44,49.83800000000005,1.02
74,yar-sale,RU,2020-09-29 15:08:48,66.83,70.83,99,78,41.0,2.48
75,tevaitoa,PF,2020-09-29 15:08:48,-16.78,-151.5,6,77,79.79000000000002,10.46
76,rocha,UY,2020-09-29 15:08:48,-34.48,-54.33,0,73,56.28200000000002,3.37
77,nanortalik,GL,2020-09-29 15:04:29,60.14,-45.24,0,76,36.788000000000046,10.69
78,syracuse,IT,2020-09-29 15:06:07,37.09,15.28,20,88,68.26999999999995,2.1
79,tiksi,RU,2020-09-29 15:08:49,71.69,128.87,100,96,33.943999999999974,3.33
80,acapulco,MX,2020-09-29 15:06:03,16.86,-99.89,90,66,88.06999999999996,2.6
81,pareora,NZ,2020-09-29 15:08:50,-44.49,171.21,15,56,45.28399999999999,2.11
82,cape town,ZA,2020-09-29 15:07:40,-33.93,18.42,0,66,56.26400000000004,6.2
83,karratha,AU,2020-09-29 15:07:32,-20.74,116.85,86,33,70.64600000000004,3.95
84,adre,TD,2020-09-29 15:08:50,13.47,22.2,100,80,72.89600000000004,2.95
85,brigantine,US,2020-09-29 15:08:51,39.41,-74.36,40,88,73.66999999999996,5.7
86,coquimbo,CL,2020-09-29 15:06:19,-29.95,-71.34,20,55,61.069999999999965,6.7
87,xichang,CN,2020-09-29 15:08:51,27.9,102.26,86,72,63.608000000000004,0.32
88,broome,US,2020-09-29 15:08:51,42.25,-75.83,90,93,57.272000000000034,2.1
89,vaitupu,,,,,,,,
90,caravelas,BR,2020-09-29 15:08:52,-17.71,-39.25,0,82,75.10999999999999,3.85
91,saint-jean-de-luz,FR,2020-09-29 15:08:52,43.39,-1.66,0,93,57.469999999999956,1.5
92,tarudant,,,,,,,,
93,novomykolayivka,UA,2020-09-29 15:08:53,47.98,35.91,75,48,66.46999999999997,5
94,merauke,ID,2020-09-29 15:08:53,-8.47,140.33,87,72,78.81799999999998,7.61
95,maceio,BR,2020-09-29 15:08:26,-9.67,-35.74,3,83,75.46999999999997,3.1
96,itamaraju,BR,2020-09-29 15:08:54,-17.04,-39.53,0,89,71.33000000000004,2.45
97,harper,LR,2020-09-29 15:08:54,4.38,-7.72,29,90,76.90999999999998,3.89
98,barentsburg,,,,,,,,
99,saldanha,ZA,2020-09-29 15:08:55,-33.01,17.94,0,76,52.069999999999965,3.1
100,bundaberg,AU,2020-09-29 15:08:55,-24.85,152.35,40,72,59.26999999999996,3.6
101,nikolskoye,RU,2020-09-29 15:08:55,59.7,30.79,75,93,52.26799999999999,2
102,estelle,US,2020-09-29 15:08:55,29.85,-90.11,40,41,78.27799999999996,5.7
103,touros,BR,2020-09-29 15:08:02,-5.2,-35.46,29,73,77.26999999999995,3.1
104,mogadishu,SO,2020-09-29 15:08:56,2.04,45.34,0,81,78.24199999999999,5.8
105,jalu,LY,2020-09-29 15:08:56,29.03,21.55,0,28,85.06400000000004,4.11
106,khvoynaya,RU,2020-09-29 15:08:56,58.9,34.53,97,92,50.935999999999964,1.19
107,am timan,TD,2020-09-29 15:08:57,11.03,20.28,93,90,74.58800000000005,2.53
108,lasa,IT,2020-09-29 15:08:57,46.62,10.7,40,81,48.469999999999956,2.1
109,conakry,GN,2020-09-29 15:08:57,9.54,-13.68,40,94,80.86999999999996,3.1
110,yanam,IN,2020-09-29 15:08:58,16.73,82.22,94,89,77.95399999999995,0.58
111,attawapiskat,,,,,,,,
112,paamiut,GL,2020-09-29 15:08:58,61.99,-49.67,0,75,35.54600000000005,6.41
113,bredasdorp,ZA,2020-09-29 15:08:59,-34.53,20.04,1,87,48.469999999999956,1.5
114,sisimiut,GL,2020-09-29 15:08:59,66.94,-53.67,99,92,32.05399999999995,0.47
115,kutum,SD,2020-09-29 15:09:00,14.2,24.67,91,48,81.62599999999999,2.51
116,hervey bay,AU,2020-09-29 15:08:15,-25.3,152.85,1,71,65.26400000000004,1.79
117,byron bay,AU,2020-09-29 15:07:12,-28.65,153.62,99,93,56.26400000000004,1.45
118,sorland,NO,2020-09-29 15:09:00,67.67,12.69,100,86,50.82799999999996,3.33
119,dongning,CN,2020-09-29 15:09:00,44.06,131.12,39,79,45.733999999999995,1.34
120,praya,CV,2020-09-29 15:09:01,14.92,-23.51,40,74,80.86999999999996,5.1
121,ankola,IN,2020-09-29 15:09:01,14.67,74.3,95,87,76.28000000000004,1.25
122,upernavik,GL,2020-09-29 15:08:48,72.79,-56.15,65,87,23.738000000000042,2.74
123,mitsamiouli,KM,2020-09-29 15:09:02,-11.38,43.28,2,74,76.94600000000005,1.51
124,carnarvon,AU,2020-09-29 15:09:02,-24.87,113.63,0,77,62.86999999999996,7.2
125,funtua,NG,2020-09-29 15:09:03,11.52,7.31,38,93,70.08800000000005,3.32
126,kruisfontein,ZA,2020-09-29 15:09:03,-34,24.73,0,86,49.26199999999996,2.31
127,lompoc,US,2020-09-29 15:04:08,34.64,-120.46,1,60,78.27799999999996,5.7
128,kabelvag,NO,2020-09-29 15:09:04,68.21,14.48,86,91,48.272000000000034,1.81
129,vao,NC,2020-09-29 15:06:09,-22.67,167.48,0,74,67.69399999999997,10.19
130,mwinilunga,ZM,2020-09-29 15:09:04,-11.74,24.43,100,69,66.03800000000004,0.3
131,dikson,RU,2020-09-29 15:09:04,73.51,80.55,100,80,35.924000000000014,6.59
132,candawaga,,,,,,,,
133,mabaruma,GY,2020-09-29 15:09:05,8.2,-59.78,62,82,79.46600000000001,2.52
134,finote selam,ET,2020-09-29 15:09:05,10.7,37.27,90,92,56.13800000000005,0.98
135,laguna,US,2020-09-29 15:09:06,38.42,-121.42,5,20,96.27799999999996,3.6
136,busselton,AU,2020-09-29 15:09:06,-33.65,115.33,83,89,54.266000000000005,3.56
137,san cristobal,VE,2020-09-29 15:09:06,7.77,-72.22,40,40,89.86999999999996,10.3
138,yaan,NG,2020-09-29 15:09:07,7.38,8.57,99,96,71.90600000000003,3.05
139,lagoa,PT,2020-09-29 15:09:07,39.05,-27.98,90,66,67.19000000000003,4.51
140,jamestown,US,2020-09-29 15:04:56,42.1,-79.24,20,67,59.26999999999996,4.1
141,saint-leu,RE,2020-09-29 15:09:08,-21.15,55.28,20,77,70.06999999999996,2.1
142,hithadhoo,MV,2020-09-29 15:04:36,-0.6,73.08,74,75,83.22799999999997,4.27
143,samarai,PG,2020-09-29 15:09:08,-10.62,150.67,60,85,79.142,7.25
144,berdigestyakh,RU,2020-09-29 15:09:09,62.1,126.7,26,98,28.706000000000028,2.09
145,clyde river,CA,2020-09-29 15:09:09,70.47,-68.59,75,79,28.66999999999996,5.7
146,rungata,,,,,,,,
147,lebu,CL,2020-09-29 15:09:10,-37.62,-73.65,85,84,51.22400000000002,9.71
148,pierre,US,2020-09-29 15:09:10,44.37,-100.35,20,21,82.66999999999996,10.8
149,half moon bay,US,2020-09-29 15:09:10,37.46,-122.43,5,57,81.26600000000002,4.1
150,pevek,RU,2020-09-29 15:04:28,69.7,170.31,100,78,37.975999999999985,8.8
151,banbury,GB,2020-09-29 15:09:10,52.06,-1.34,93,93,50.26999999999996,0.45
152,aksu,CN,2020-09-29 15:09:11,41.12,80.26,4,34,57.95600000000003,2.13
153,tuktoyaktuk,CA,2020-09-29 15:09:11,69.45,-133.04,90,86,39.469999999999956,5.1
154,pokrovsk,UA,2020-09-29 15:09:11,48.28,37.18,100,41,64.13000000000005,9.74
155,kaitangata,NZ,2020-09-29 15:09:12,-46.28,169.85,58,62,46.274000000000015,3.58
156,xining,CN,2020-09-29 15:09:12,36.62,101.77,83,78,50.75600000000003,0.67
157,alotau,,,,,,,,
158,vila verde,PT,2020-09-29 15:09:13,41.65,-8.44,0,93,62.27599999999999,1.5
159,uyuni,BO,2020-09-29 15:09:13,-20.46,-66.83,57,31,58.819999999999965,4.86
160,verdun,FR,2020-09-29 15:09:13,49.25,5.33,100,96,58.26199999999996,0.89
161,maykain,,,,,,,,
162,havre-saint-pierre,CA,2020-09-29 15:09:14,50.23,-63.6,1,82,64.66999999999996,2.6
163,port lincoln,AU,2020-09-29 15:09:14,-34.73,135.87,100,83,57.48800000000004,7.64
164,ahipara,NZ,2020-09-29 15:09:15,-35.17,173.17,64,57,57.41600000000001,4.14
165,saint paul,US,2020-09-29 15:05:53,44.94,-93.09,90,51,65.26400000000004,3.6
166,tumannyy,,,,,,,,
167,sao filipe,CV,2020-09-29 15:09:15,14.9,-24.5,14,77,80.05999999999997,4.99
168,antofagasta,CL,2020-09-29 15:05:14,-23.65,-70.4,75,72,61.069999999999965,7.7
169,castanos,MX,2020-09-29 15:09:16,26.78,-101.42,0,26,73.36400000000003,2.96
170,bengkulu,ID,2020-09-29 15:09:16,-3.8,102.27,90,87,75.434,3.19
171,norman wells,CA,2020-09-29 15:09:16,65.28,-126.83,20,65,46.66999999999996,6.2
172,cherskiy,RU,2020-09-29 15:09:17,68.75,161.3,99,68,41.32400000000001,6.03
173,vanimo,PG,2020-09-29 15:09:17,-2.67,141.3,98,83,80.05999999999997,2.18
174,arraial do cabo,BR,2020-09-29 15:09:18,-22.97,-42.03,20,88,75.46999999999997,2.1
175,sokolovyy,RU,2020-09-29 15:09:18,51.57,45.83,96,36,55.274000000000015,1.34
176,umm bab,QA,2020-09-29 15:09:18,25.21,50.81,1,62,92.26400000000004,2.6
177,irmo,US,2020-09-29 15:04:30,34.09,-81.18,90,94,68.26999999999995,5.7
178,port elizabeth,ZA,2020-09-29 15:09:19,-33.92,25.57,30,93,52.069999999999965,2.1
179,rincon,US,2020-09-29 15:04:27,32.3,-81.24,90,93,76.26199999999996,6.7
180,marcona,,,,,,,,
181,isangel,VU,2020-09-29 15:09:19,-19.55,169.27,75,83,75.46999999999997,5.1
182,kysyl-syr,RU,2020-09-29 15:09:20,63.9,122.76,0,96,27.553999999999952,3.38
183,kashi,CN,2020-09-29 15:09:20,39.45,75.98,40,42,62.86999999999996,2.95
184,sao joao da barra,BR,2020-09-29 15:09:20,-21.64,-41.05,75,78,77.26999999999995,9.3
185,saint-francois,FR,2020-09-29 15:09:21,46.42,3.91,90,93,56.26400000000004,1
186,eatonton,US,2020-09-29 15:09:21,33.33,-83.39,75,77,61.069999999999965,3.1
187,nouadhibou,MR,2020-09-29 15:09:21,20.93,-17.03,0,78,71.86999999999996,8.2
188,esperance,AU,2020-09-29 15:08:16,-33.87,121.9,46,100,53.86999999999996,3.1
189,ilulissat,GL,2020-09-29 15:05:31,69.22,-51.1,60,68,26.86999999999996,2.6
190,ribeira grande,PT,2020-09-29 15:09:22,38.52,-28.7,1,68,67.19000000000003,5.61
191,sandnessjoen,NO,2020-09-29 15:09:22,66.02,12.63,75,87,53.86999999999996,1.5
192,bolungarvik,,,,,,,,
193,sumbe,AO,2020-09-29 15:09:23,-11.21,13.84,93,83,73.13000000000005,3.21
194,saint-philippe,RE,2020-09-29 15:09:23,-21.36,55.77,20,77,70.06999999999996,2.1
195,assens,DK,2020-09-29 15:09:23,55.27,9.9,99,77,59.26999999999996,2.1
196,mpongwe,ZM,2020-09-29 15:09:24,-13.51,28.16,9,42,68.61199999999997,1.83
197,jiazi,CN,2020-09-29 15:09:24,22.88,116.07,88,84,77.99000000000002,3.03
198,khatanga,RU,2020-09-29 15:09:25,71.97,102.5,100,99,31.838000000000044,4.02
199,yulara,AU,2020-09-29 15:09:25,-25.24,130.99,0,82,59.26999999999996,2.6
200,salinas,US,2020-09-29 15:09:25,36.68,-121.66,1,64,70.06999999999996,6.7
201,cabo san lucas,MX,2020-09-29 15:09:08,22.89,-109.91,5,62,91.66999999999996,5.7
202,kavaratti,IN,2020-09-29 15:09:26,10.57,72.64,100,81,80.74399999999997,5.79
203,chissamba,AO,2020-09-29 15:09:26,-12.17,17.33,73,65,69.92599999999999,2.05
204,kamenskoye,,,,,,,,
205,vila velha,BR,2020-09-29 15:09:27,-20.33,-40.29,5,78,81.26600000000002,3.6
206,bogo,PH,2020-09-29 15:09:27,11.05,124.01,100,79,79.75399999999996,1.61
207,butaritari,KI,2020-09-29 15:09:28,3.07,172.79,37,74,82.58000000000004,6.34
208,hinton,CA,2020-09-29 15:09:28,53.4,-117.59,98,83,51.96199999999996,1.04
209,grand centre,,,,,,,,
210,ayan,RU,2020-09-29 15:09:28,56.45,138.17,55,70,46.346000000000046,4.95
211,souillac,MU,2020-09-29 15:06:01,-20.52,57.52,40,94,71.86999999999996,2.6
212,te anau,NZ,2020-09-29 15:09:29,-45.42,167.72,48,86,38.65999999999998,1.02
213,vilhena,BR,2020-09-29 15:09:29,-12.74,-60.15,75,83,73.66999999999996,2.6
214,amderma,,,,,,,,
215,tasiilaq,GL,2020-09-29 15:09:30,65.61,-37.64,75,74,34.06999999999996,4.6
216,aflu,,,,,,,,
217,wilmington,US,2020-09-29 15:08:22,34.23,-77.94,75,83,79.06999999999996,4.1
218,alofi,NU,2020-09-29 15:09:30,-19.06,-169.92,75,78,80.86999999999996,6.2
219,okhotsk,RU,2020-09-29 15:09:31,59.38,143.3,100,77,45.266000000000005,1.29
220,mansa,IN,2020-09-29 15:09:31,29.98,75.38,0,28,73.79600000000005,1.95
221,shenandoah,US,2020-09-29 15:09:31,30.4,-91,0,43,76.26199999999996,0.89
222,puerto leguizamo,CO,2020-09-29 15:09:32,-0.19,-74.78,100,76,81.608,1.49
223,torbay,CA,2020-09-29 15:05:21,47.67,-52.73,90,88,68.26999999999995,8.2
224,mar del plata,AR,2020-09-29 15:07:05,-38,-57.56,24,46,70.06999999999996,3.6
225,taoudenni,ML,2020-09-29 15:09:32,22.68,-3.98,0,9,98.47400000000002,4.99
226,aklavik,CA,2020-09-29 15:09:33,68.22,-135.01,90,86,39.469999999999956,2.6
227,hovd,MN,2020-09-29 15:09:33,48.01,91.64,61,71,36.76999999999996,1.84
228,waingapu,ID,2020-09-29 15:09:33,-9.66,120.26,99,78,77.52200000000005,2.59
229,antalaha,MG,2020-09-29 15:09:34,-14.9,50.28,67,83,73.076,2.6
230,jaragua,BR,2020-09-29 15:09:34,-15.76,-49.33,0,9,89.86999999999996,2.6
231,makakilo city,US,2020-09-29 15:09:34,21.35,-158.09,1,62,89.86999999999996,5.7
232,chuy,UY,2020-09-29 15:09:35,-33.7,-53.46,27,73,54.75199999999998,4.26
233,thompson,CA,2020-09-29 15:09:35,55.74,-97.86,75,58,55.66999999999996,4.6
234,kabanga,TZ,2020-09-29 15:09:35,-2.64,30.47,55,87,63.03200000000002,0.97
235,omboue,GA,2020-09-29 15:09:36,-1.57,9.26,45,77,75.72200000000004,3.52
236,hualmay,PE,2020-09-29 15:09:36,-11.1,-77.61,23,75,64.868,4.49
237,titisee-neustadt,DE,2020-09-29 15:09:37,47.9,8.17,100,78,51.27799999999996,0.32
238,pacora,PA,2020-09-29 15:09:37,9.08,-79.28,40,70,88.06999999999996,3.1
239,georgetown,MY,2020-09-29 15:06:15,5.41,100.34,20,94,79.06999999999996,1.5
240,haines junction,CA,2020-09-29 15:09:37,60.75,-137.51,84,55,47.19199999999999,1.1
241,pingxiang,CN,2020-09-29 15:09:38,27.62,113.85,100,93,67.60399999999996,1.38
242,victoria,HK,2020-09-29 15:07:26,22.29,114.16,18,89,81.26600000000002,4.58
243,naze,JP,2020-09-29 15:04:48,28.37,129.48,75,94,73.66999999999996,0.5
244,juneau,US,2020-09-29 15:09:39,58.3,-134.42,90,87,50.26999999999996,1.5
245,probolinggo,ID,2020-09-29 15:09:39,-7.75,113.22,6,74,78.33200000000002,4.79
246,lavrentiya,RU,2020-09-29 15:09:39,65.58,-171,0,77,37.32799999999996,0.67
247,klaksvik,FO,2020-09-29 15:06:08,62.23,-6.59,5,93,50.26999999999996,9.8
248,gorontalo,ID,2020-09-29 15:09:40,0.54,123.06,53,87,74.69600000000005,1.26
249,majene,ID,2020-09-29 15:07:13,-3.54,118.97,58,82,77.21600000000001,1.95
250,niceville,US,2020-09-29 15:06:42,30.52,-86.48,20,52,70.06999999999996,6.2
251,los llanos de aridane,ES,2020-09-29 15:09:41,28.66,-17.92,75,78,73.66999999999996,6.2
252,mahebourg,MU,2020-09-29 15:09:41,-20.41,57.7,40,94,71.86999999999996,2.6
253,magadan,RU,2020-09-29 15:09:41,59.57,150.8,100,85,43.592,1.62
254,alugan,PH,2020-09-29 15:09:42,12.22,125.48,97,84,78.42200000000004,2.02
255,ilhabela,BR,2020-09-29 15:09:42,-23.78,-45.36,92,89,72.42799999999997,4.69
256,lithakia,GR,2020-09-29 15:09:42,37.72,20.83,40,72,68.26999999999995,2.6
257,axim,GH,2020-09-29 15:09:43,4.87,-2.24,94,92,76.29800000000003,3.37
258,corpus christi,US,2020-09-29 15:09:21,27.8,-97.4,20,21,83.26400000000004,2.1
259,samusu,,,,,,,,
260,nizhneyansk,,,,,,,,
261,sept-iles,CA,2020-09-29 15:05:45,50.2,-66.38,75,82,64.66999999999996,2.1
262,ranong,TH,2020-09-29 15:09:44,9.97,98.63,97,85,78.70999999999998,3.49
263,namalenga,TZ,2020-09-29 15:09:44,-10.95,39.1,7,88,67.892,2.15
264,san patricio,MX,2020-09-29 15:09:45,19.22,-104.7,75,63,91.66999999999996,4.1
265,kampot,KH,2020-09-29 15:09:45,10.62,104.18,40,88,79.06999999999996,2.1
266,bethel,US,2020-09-29 15:09:45,41.37,-73.41,90,94,70.26799999999999,2.1
267,senneterre,CA,2020-09-29 15:09:45,48.38,-77.23,75,62,59.26999999999996,4.1
268,songjianghe,CN,2020-09-29 15:09:46,42.19,127.48,17,92,38.174000000000014,0.94
269,qui nhon,VN,2020-09-29 15:09:46,13.77,109.23,100,81,78.33200000000002,2.61
270,kholodnyy,RU,2020-09-29 15:09:47,62.72,147.95,100,91,37.94000000000002,2.56
271,chokurdakh,RU,2020-09-29 15:09:47,70.63,147.92,70,95,37.075999999999986,2.75
272,pestisu mic,RO,2020-09-29 15:09:47,45.8,22.88,50,85,49.964000000000034,2.33
273,pitimbu,BR,2020-09-29 15:07:27,-7.47,-34.81,2,78,77.26999999999995,3.6
274,quatre cocos,MU,2020-09-29 15:09:48,-20.21,57.76,40,94,71.86999999999996,2.6
275,severo-kurilsk,RU,2020-09-29 15:09:48,50.68,156.12,84,84,52.682000000000016,4.28
276,podosinovets,RU,2020-09-29 15:09:48,60.28,47.07,100,90,48.542,1.99
277,mariani,IN,2020-09-29 15:09:49,26.67,94.33,97,91,76.17200000000004,0.8
278,iqaluit,CA,2020-09-29 15:09:49,63.75,-68.51,20,63,30.272000000000038,2.1
279,mahibadhoo,MV,2020-09-29 15:09:50,3.78,72.97,100,76,82.45399999999995,4.07
280,abu dhabi,AE,2020-09-29 15:05:30,24.47,54.37,0,62,86.26999999999995,2.1
281,tura,IN,2020-09-29 15:09:50,25.52,90.22,66,88,73.976,1.1
282,nazca,PE,2020-09-29 15:09:51,-14.83,-74.95,74,37,77.46799999999999,3.23
283,xai-xai,MZ,2020-09-29 15:09:51,-25.05,33.64,100,84,70.06999999999996,8.35
284,nara,JP,2020-09-29 15:09:51,34.69,135.8,75,88,66.27200000000005,2.1
285,wamba,NG,2020-09-29 15:09:14,8.93,8.6,98,96,70.39399999999998,0.42
286,bela,IN,2020-09-29 15:09:52,25.93,81.98,0,60,75.59600000000006,1.61
287,kadhan,PK,2020-09-29 15:09:52,24.48,68.99,0,77,80.13200000000002,5.28
288,cap-aux-meules,CA,2020-09-29 15:09:52,47.38,-61.86,20,82,68.26999999999995,8.2
289,fairbanks,US,2020-09-29 15:06:53,64.84,-147.72,40,81,51.27799999999996,1.7
290,rio rancho,US,2020-09-29 15:09:53,35.23,-106.66,1,13,78.27799999999996,3.1
291,tabuk,PH,2020-09-29 15:09:53,17.42,121.44,83,84,73.49000000000002,1.01
292,tefe,BR,2020-09-29 15:09:54,-3.35,-64.71,75,88,77.26999999999995,2.1
293,nam phong,TH,2020-09-29 15:09:54,16.7,102.86,75,94,77.26999999999995,2.1
294,obidos,BR,2020-09-29 15:09:54,-1.92,-55.52,40,44,87.70999999999998,1.61
295,kiunga,PG,2020-09-29 15:09:55,-6.12,141.29,98,93,75.46999999999997,1.98
296,ola,RU,2020-09-29 15:09:55,59.58,151.28,100,84,43.88000000000004,2.6
297,olga,RU,2020-09-29 15:09:55,43.74,135.29,93,75,49.225999999999985,2.55
298,nkhotakota,MW,2020-09-29 15:09:56,-12.93,34.3,4,71,74.066,1.6
299,elverum,NO,2020-09-29 15:09:56,60.88,11.56,86,88,52.26799999999999,1.76
300,ust-kamchatsk,,,,,,,,
301,puerto carreno,CO,2020-09-29 15:09:57,6.19,-67.49,40,83,79.06999999999996,3.1
302,belushya guba,,,,,,,,
303,college,US,2020-09-29 15:09:57,64.86,-147.8,40,70,51.27799999999996,1.66
304,saint-georges,GD,2020-09-29 15:09:58,12.06,-61.75,75,74,88.06999999999996,7.7
305,amalapuram,IN,2020-09-29 15:09:58,16.58,82.02,97,89,78.06199999999995,0.2
306,port macquarie,AU,2020-09-29 15:09:59,-31.43,152.92,100,75,56.26400000000004,0.89
307,yerbogachen,RU,2020-09-29 15:09:59,61.28,108.01,90,92,27.032000000000018,1.63
308,hamilton,US,2020-09-29 15:09:59,39.18,-84.53,20,59,63.266000000000005,1.5
309,atar,MR,2020-09-29 15:10:00,20.52,-13.05,0,24,93.41600000000001,3.24
310,medea,DZ,2020-09-29 15:10:00,36.26,2.75,0,88,66.46999999999997,1.5
311,asha,RU,2020-09-29 15:10:00,55,57.27,16,88,49.58599999999997,1.12
312,sentyabrskiy,,,,,,,,
313,pisco,PE,2020-09-29 15:10:01,-13.7,-76.22,41,68,68.26999999999995,8.7
314,inuvik,CA,2020-09-29 15:08:57,68.35,-133.72,75,80,41.26999999999996,2.6
315,nederland,US,2020-09-29 15:10:01,29.97,-93.99,1,29,80.86999999999996,5.7
316,jieshi,CN,2020-09-29 15:10:02,22.81,115.83,91,84,78.65600000000003,3.54
317,gat,IL,2020-09-29 15:10:02,31.61,34.76,0,80,80.27599999999998,0.12
318,kalabo,ZM,2020-09-29 15:10:03,-14.97,22.68,96,61,73.52599999999998,3.67
319,talawdi,,,,,,,,
320,flinders,AU,2020-09-29 15:10:04,-34.58,150.86,100,83,64.27400000000002,0.89
321,ulladulla,AU,2020-09-29 15:10:04,-35.35,150.47,100,93,52.069999999999965,3.27
322,opobo,,,,,,,,
323,doha,QA,2020-09-29 15:08:03,25.29,51.53,0,63,93.46999999999997,2.6
324,luderitz,NA,2020-09-29 15:10:05,-26.65,15.16,0,49,59.900000000000006,9.88
325,podgorica,ME,2020-09-29 15:10:05,42.44,19.26,40,87,57.469999999999956,3.1
326,ngunguru,NZ,2020-09-29 15:10:06,-35.62,174.5,77,59,56.24600000000005,3.32
327,baykit,RU,2020-09-29 15:10:06,61.67,96.37,77,94,28.85,1.8
328,olavarria,AR,2020-09-29 15:10:06,-36.89,-60.32,6,57,69.27799999999996,0.45
329,pinega,RU,2020-09-29 15:10:07,64.7,43.39,61,95,45.64399999999997,2.04
330,zomin,UZ,2020-09-29 15:10:07,39.96,68.4,100,66,54.158,0.92
331,ahome,MX,2020-09-29 15:05:38,25.92,-109.18,5,56,98.276,5.1
332,faanui,PF,2020-09-29 15:10:08,-16.48,-151.75,4,79,79.10600000000002,10.15
333,natal,BR,2020-09-29 15:10:08,-5.79,-35.21,12,73,77.26999999999995,3.1
334,knysna,ZA,2020-09-29 15:10:08,-34.04,23.05,0,87,48.469999999999956,1
335,zhigansk,RU,2020-09-29 15:10:09,66.77,123.37,100,94,31.874000000000013,9.38
336,hami,CN,2020-09-29 15:10:09,42.8,93.45,0,46,48.811999999999955,8.83
337,dzhebariki-khaya,RU,2020-09-29 15:10:10,62.22,135.8,77,87,37.075999999999986,3.35
338,brokopondo,SR,2020-09-29 15:10:10,4.75,-55.17,61,54,84.59600000000006,1.25
339,hofn,IS,2020-09-29 15:10:10,64.25,-15.21,100,92,48.38000000000004,6.92
340,cururupu,BR,2020-09-29 15:07:04,-1.83,-44.87,79,86,77.43200000000002,1.53
341,kleck,,,,,,,,
342,corinto,GR,2020-09-29 15:10:11,37.94,22.96,1,46,71.27599999999998,1.79
343,marsh harbour,BS,2020-09-29 15:10:11,26.54,-77.06,25,76,84.25399999999996,5.34
344,arys,KZ,2020-09-29 15:10:11,42.43,68.8,40,30,55.66999999999996,2
345,sokoni,TZ,2020-09-29 15:10:12,-6.43,39.55,20,83,77.26999999999995,3.1
346,sovetskaya gavan,RU,2020-09-29 15:10:12,48.97,140.29,75,69,50.14399999999998,2.18
347,samoded,RU,2020-09-29 15:10:12,63.61,40.51,25,95,45.28399999999999,1.83
348,margate,GB,2020-09-29 15:10:13,51.38,1.39,28,78,60.27799999999996,4.07
349,airai,TL,2020-09-29 15:10:13,-8.93,125.41,100,67,61.05199999999998,1.48
350,laranjeiras do sul,BR,2020-09-29 15:05:43,-25.41,-52.42,45,74,73.25600000000003,1.33
351,kupang,ID,2020-09-29 15:10:12,-10.17,123.58,20,88,73.66999999999996,1
352,nueva guinea,NI,2020-09-29 15:10:14,11.69,-84.46,93,77,83.87599999999999,2.2
353,dillon,US,2020-09-29 15:10:14,34.42,-79.37,90,100,79.26799999999999,3.1
354,sitka,US,2020-09-29 15:10:14,57.05,-135.33,90,58,55.66999999999996,1.5
355,saint anthony,US,2020-09-29 15:10:14,45.02,-93.22,75,48,65.26400000000004,5.1
356,durazno,UY,2020-09-29 15:10:15,-33.41,-56.5,10,49,68.26999999999995,5.1
357,ratnagiri,IN,2020-09-29 15:10:15,16.98,73.3,57,87,75.93800000000005,2.23
358,katsuura,JP,2020-09-29 15:10:16,35.13,140.3,75,72,64.66999999999996,6.2
359,gobabis,NA,2020-09-29 15:10:16,-22.45,18.97,10,27,56.58800000000005,6.36
360,codrington,AU,2020-09-29 15:10:16,-38.27,141.97,100,92,55.54399999999997,6.25
361,jacareacanga,BR,2020-09-29 15:10:17,-6.22,-57.75,87,57,83.066,1.22
362,oksfjord,NO,2020-09-29 15:10:17,70.24,22.35,44,81,48.469999999999956,6.2
363,mikhaylovka,RU,2020-09-29 15:10:17,50.06,43.24,100,37,54.266000000000005,5.26
364,nioro,GM,2020-09-29 15:10:17,13.35,-15.75,14,79,80.58200000000002,1.99
365,iralaya,HN,2020-09-29 15:10:18,15,-83.23,75,79,86.26999999999995,3.1
366,bubaque,GW,2020-09-29 15:10:18,11.28,-15.83,56,78,82.38200000000002,3.38
367,talnakh,RU,2020-09-29 15:10:19,69.49,88.4,90,100,35.86999999999996,6
368,sapouy,BF,2020-09-29 15:10:19,11.55,-1.77,0,79,77.66600000000001,3.89
369,yinchuan,CN,2020-09-29 15:10:20,38.47,106.27,82,64,60.314000000000036,1.43
370,olafsvik,IS,2020-09-29 15:10:20,64.89,-23.71,90,85,40.44199999999999,4.78
371,tias,ES,2020-09-29 15:10:20,28.96,-13.64,20,73,73.66999999999996,4.1
372,batagay,RU,2020-09-29 15:10:21,67.63,134.63,22,83,33.98000000000004,5.53
373,taylor,US,2020-09-29 15:10:21,32.3,-99.83,1,12,80.86999999999996,3.1
374,ancud,CL,2020-09-29 15:10:21,-41.87,-73.82,90,100,37.274000000000015,3.1
375,terrace,CA,2020-09-29 15:09:33,54.52,-128.6,90,93,53.86999999999996,6.2
376,sakakah,SA,2020-09-29 15:10:22,29.97,40.21,0,21,82.66999999999996,4.1
377,naron,ES,2020-09-29 15:10:23,43.52,-8.15,0,93,56.26400000000004,1.42
378,hebi,CN,2020-09-29 15:10:23,35.9,114.19,36,76,56.94800000000002,2.38
379,cortez,US,2020-09-29 15:10:23,37.35,-108.59,1,16,74.26400000000004,3.1
380,beyneu,KZ,2020-09-29 15:10:24,45.32,55.2,9,46,52.016000000000005,3.34
381,santa maria,BR,2020-09-29 15:08:17,-29.68,-53.81,38,64,71.86999999999996,5.1
382,san quintin,MX,2020-09-29 15:10:24,30.48,-115.95,0,31,87.99800000000002,5.72
383,kulykiv,UA,2020-09-29 15:10:24,50.31,24.82,100,98,57.272000000000034,4.02
384,poum,NC,2020-09-29 15:10:25,-20.23,164.02,2,67,70.484,6.35
385,porto walter,BR,2020-09-29 15:10:25,-8.27,-72.74,100,96,73.23800000000006,1.94
386,kaspiysk,RU,2020-09-29 15:10:25,42.88,47.64,31,59,62.86999999999996,8
387,alyangula,AU,2020-09-29 15:10:26,-13.85,136.42,65,94,75.46999999999997,3.1
388,santiago,CL,2020-09-29 15:05:54,-33.46,-70.65,40,45,63.266000000000005,3.1
389,guhagar,IN,2020-09-29 15:10:26,17.48,73.19,63,87,74.73200000000003,1.45
390,ramnagar,IN,2020-09-29 15:09:06,29.4,79.12,0,74,70.826,1.6
391,tecoanapa,MX,2020-09-29 15:10:27,16.52,-98.75,80,71,85.29800000000003,3.41
392,yala,TH,2020-09-29 15:10:27,6.33,101.25,39,92,74.19200000000001,0.76
393,narsaq,GL,2020-09-29 15:10:28,60.92,-46.05,0,50,34.06999999999996,2.1
394,gravelbourg,CA,2020-09-29 15:10:28,49.88,-106.55,99,41,57.667999999999985,9.7
395,coihaique,CL,2020-09-29 15:10:28,-45.58,-72.07,20,39,48.469999999999956,3.1
396,abalak,RU,2020-09-29 15:10:29,58.13,68.59,60,72,40.33399999999999,3.05
397,griffith,US,2020-09-29 15:07:31,41.53,-87.42,75,51,59.26999999999996,4.6
398,hailun,CN,2020-09-29 15:10:29,47.45,126.93,0,84,41.575999999999986,1.16
399,buraydah,SA,2020-09-29 15:09:32,26.33,43.98,0,31,75.46999999999997,2.1
400,troitskoye,RU,2020-09-29 15:10:30,52.98,84.68,97,93,33.02599999999999,4.08
401,grand gaube,MU,2020-09-29 15:10:30,-20.01,57.66,99,83,71.27599999999998,1.34
402,eureka,US,2020-09-29 15:10:31,40.8,-124.16,90,87,71.86999999999996,2.6
403,cosio,MX,2020-09-29 15:10:31,22.35,-102.3,96,49,68.59399999999997,5.9
404,kviteseid,NO,2020-09-29 15:10:31,59.4,8.49,99,98,47.26400000000003,0.89
405,kanalion,GR,2020-09-29 15:10:31,39.61,19.89,20,72,64.66999999999996,4.67
406,muros,ES,2020-09-29 15:10:32,42.78,-9.06,0,75,58.26199999999996,2.18
407,lazurne,UA,2020-09-29 15:10:32,46.08,32.53,100,81,66.326,2.38
408,burgeo,CA,2020-09-29 15:10:32,47.62,-57.62,56,94,61.28599999999997,4.55
409,sao jose da coroa grande,BR,2020-09-29 15:10:32,-8.9,-35.15,2,77,75.46999999999997,3.76
410,hambantota,LK,2020-09-29 15:06:06,6.12,81.12,75,100,77.26999999999995,3.6
411,mitu,CO,2020-09-29 15:08:24,1.2,-70.17,96,78,80.63599999999997,1.12
412,mackenzie,CA,2020-09-29 15:10:33,55.3,-123.17,90,62,52.069999999999965,2.6
413,phek,IN,2020-09-29 15:10:34,25.67,94.5,97,100,59.61199999999995,0.39
414,waipawa,NZ,2020-09-29 15:10:34,-41.41,175.52,0,57,51.27799999999996,2.1
415,great falls,US,2020-09-29 15:10:34,47.5,-111.3,1,14,83.26400000000004,6.7
416,coatzacoalcos,MX,2020-09-29 15:10:12,18.15,-94.42,75,74,80.86999999999996,10.3
417,kytlym,,,,,,,,
418,verkhnevilyuysk,RU,2020-09-29 15:10:35,63.45,120.32,9,96,26.077999999999964,2.39
419,assomada,CV,2020-09-29 15:10:36,15.1,-23.68,40,74,80.86999999999996,5.1
420,praia da vitoria,PT,2020-09-29 15:10:36,38.73,-27.07,75,72,66.46999999999997,4.16
421,cayenne,GF,2020-09-29 15:06:19,4.93,-52.33,61,70,84.46999999999997,2.1
422,kahului,US,2020-09-29 15:08:11,20.89,-156.47,1,55,88.06999999999996,6.7
423,pasco,US,2020-09-29 15:10:37,28.29,-82.42,90,78,79.26799999999999,5.1
424,qaqortoq,GL,2020-09-29 15:10:37,60.72,-46.03,0,50,34.06999999999996,2.1
425,egvekinot,RU,2020-09-29 15:10:37,66.32,-179.17,80,92,33.49399999999997,1.36
426,berlevag,NO,2020-09-29 15:10:38,70.86,29.09,40,81,50.26999999999996,3.6
427,carmelo,UY,2020-09-29 15:06:07,-33.99,-58.29,0,35,73.66999999999996,4.6
428,bulungu,CD,2020-09-29 15:10:38,-4.55,18.6,88,92,72.69800000000004,1.26
429,ha giang,VN,2020-09-29 15:10:39,22.83,104.98,90,84,75.95600000000003,0.7
430,sitapur,IN,2020-09-29 15:10:39,27.57,80.68,0,57,74.60600000000002,1.23
431,donskoye,RU,2020-09-29 15:10:39,45.46,41.97,100,76,53.86999999999996,8
432,lhokseumawe,ID,2020-09-29 15:10:40,5.18,97.15,93,83,78.27799999999996,2.4
433,gorakhpur,IN,2020-09-29 15:10:40,29.45,75.68,0,27,75.75800000000001,2.16
434,crestview,US,2020-09-29 15:07:42,30.76,-86.57,20,56,70.06999999999996,6.7
435,semikarakorsk,RU,2020-09-29 15:10:41,47.52,40.81,100,51,62.86999999999996,12
436,ballina,AU,2020-09-29 15:10:41,-28.87,153.57,100,93,56.26400000000004,1.7
437,ransang,PH,2020-09-29 15:10:41,8.96,117.58,98,80,79.484,0.71
438,fortuna,US,2020-09-29 15:10:42,40.6,-124.16,1,56,71.86999999999996,4.1
439,olinda,BR,2020-09-29 15:09:56,-8.01,-34.86,40,65,80.86999999999996,4.1
440,tezu,IN,2020-09-29 15:10:42,27.92,96.17,71,62,76.08200000000002,1.23
441,coracora,PE,2020-09-29 15:10:43,-15.03,-73.78,14,35,56.33599999999997,4.71
442,mizdah,LY,2020-09-29 15:09:13,31.45,12.98,0,79,69.27799999999996,5.72
443,rio grande,BR,2020-09-29 15:05:55,-32.03,-52.1,77,79,62.27599999999999,0.89
444,ciras,,,,,,,,
445,kingston,JM,2020-09-29 15:10:14,18,-76.79,75,62,89.86999999999996,10.3
446,santa rosa,PH,2020-09-29 15:10:44,14.31,121.11,20,88,80.86999999999996,0.5
447,karaul,,,,,,,,
448,tautira,PF,2020-09-29 15:10:44,-17.73,-149.15,40,62,86.26999999999995,5.1
449,bratsk,RU,2020-09-29 15:10:45,56.13,101.61,75,100,30.46999999999996,4
450,ibra,OM,2020-09-29 15:10:45,22.69,58.53,0,44,73.77799999999996,0.89
451,fort nelson,CA,2020-09-29 15:10:00,58.81,-122.7,5,30,59.26999999999996,6.2
452,narwar,IN,2020-09-29 15:09:04,25.65,77.9,0,51,74.78599999999997,2.23
453,lufilufi,WS,2020-09-29 15:10:46,-13.87,-171.6,75,74,86.26999999999995,7.2
454,ishigaki,JP,2020-09-29 15:09:45,24.34,124.16,75,69,77.26999999999995,3.6
455,tuni,IN,2020-09-29 15:10:47,17.35,82.55,100,81,80.41999999999996,0.48
456,evensk,RU,2020-09-29 15:10:47,61.95,159.23,100,91,41.26999999999996,2.9
457,beringovskiy,RU,2020-09-29 15:10:48,63.05,179.32,27,66,43.79000000000002,0.78
458,les cayes,HT,2020-09-29 15:10:48,18.2,-73.75,19,75,84.23599999999996,4.33
459,luanda,AO,2020-09-29 15:12:38,-8.84,13.23,40,83,73.66999999999996,2.6
460,whakatane,NZ,2020-09-29 15:10:48,-37.96,176.99,5,61,54.266000000000005,1.79
461,cap malheureux,MU,2020-09-29 15:10:49,-19.98,57.61,98,83,71.27599999999998,1.34
462,mnogovershinnyy,RU,2020-09-29 15:10:49,53.94,139.92,99,100,44.33000000000004,1.78
463,astoria,US,2020-09-29 15:10:50,46.19,-123.83,1,39,82.66999999999996,2.6
464,svetlogorsk,BY,2020-09-29 15:10:50,52.63,29.73,96,66,57.48800000000004,4.59
465,bintulu,MY,2020-09-29 15:10:50,3.17,113.03,20,94,77.26999999999995,1.5
466,balasinor,,,,,,,,
467,dickinson,US,2020-09-29 15:10:51,29.46,-95.05,1,19,81.26600000000002,3.6
468,curvelo,BR,2020-09-29 15:10:51,-18.76,-44.43,76,23,89.90600000000003,4.1
469,cidreira,BR,2020-09-29 15:10:51,-30.18,-50.21,54,83,62.99600000000005,8.63
470,zaysan,KZ,2020-09-29 15:10:52,47.47,84.87,100,75,40.064000000000036,4.28
471,siyabuswa,ZA,2020-09-29 15:10:52,-25.11,29.04,2,74,64.41799999999998,5.4
472,ayorou,NE,2020-09-29 15:10:52,14.73,0.92,51,28,94.64000000000001,5.51
473,padang,ID,2020-09-29 15:10:53,-0.95,100.35,81,72,76.69399999999997,2.08
474,haimen,CN,2020-09-29 15:10:53,23.19,116.61,75,83,79.06999999999996,2
475,odweyne,SO,2020-09-29 15:10:54,9.41,45.06,100,78,71.54600000000005,2.47
476,preeceville,CA,2020-09-29 15:10:54,51.95,-102.67,26,37,58.964000000000034,9.45
477,portland,US,2020-09-29 15:10:54,45.52,-122.68,20,36,88.26799999999999,0.88
478,avera,US,2020-09-29 15:10:54,33.19,-82.53,75,77,64.66999999999996,2.1
479,marawi,PH,2020-09-29 15:10:55,8,124.29,62,90,73.27400000000002,3.13
480,lolua,,,,,,,,
481,port hardy,CA,2020-09-29 15:10:55,50.7,-127.42,5,87,61.069999999999965,2.1
482,kudahuvadhoo,MV,2020-09-29 15:10:56,2.67,72.89,100,74,82.63399999999999,3.45
483,ifanadiana,MG,2020-09-29 15:10:56,-21.3,47.63,0,82,60.78200000000002,1.24
484,acajutla,SV,2020-09-29 15:10:56,13.59,-89.83,20,46,91.66999999999996,1.5
485,bambous virieux,MU,2020-09-29 15:10:56,-20.34,57.76,40,88,71.86999999999996,5.1
486,yunjinghong,,,,,,,,
487,san ignacio,BZ,2020-09-29 15:10:57,17.16,-89.07,40,62,89.86999999999996,3.1
488,mormugao,IN,2020-09-29 15:10:57,15.4,73.8,40,94,79.06999999999996,1.5
489,abu kamal,SY,2020-09-29 15:10:58,34.45,40.92,0,24,76.90999999999998,2.26
490,longyearbyen,SJ,2020-09-29 15:10:58,78.22,15.64,75,75,46.66999999999996,7.7
491,filadelfia,US,2020-09-29 15:06:11,39.95,-75.16,90,100,71.86999999999996,2.6
492,brunswick,US,2020-09-29 15:09:50,41.24,-81.84,1,63,61.26799999999999,2.6
493,bandarbeyla,SO,2020-09-29 15:10:59,9.49,50.81,72,80,77.99000000000002,9.95
494,skalistyy,,,,,,,,
495,goderich,CA,2020-09-29 15:10:59,43.75,-81.72,100,63,62.27599999999999,0.89
496,kathu,TH,2020-09-29 15:11:00,7.92,98.33,20,100,83.26400000000004,0.64
497,linkou,CN,2020-09-29 15:11:00,45.3,130.28,0,83,42.601999999999975,0.93
498,dalianwan,CN,2020-09-29 15:11:01,39.03,121.69,0,50,57.469999999999956,1
499,gwanda,ZW,2020-09-29 15:11:01,-20.93,29,68,83,66.27200000000005,4.7
500,senanga,ZM,2020-09-29 15:11:01,-16.12,23.27,67,24,85.316,1.62
501,sibiti,CG,2020-09-29 15:11:02,-3.68,13.35,69,78,72.19399999999997,1.55
502,genhe,CN,2020-09-29 15:11:02,50.78,121.52,0,96,32.108000000000004,0.68
503,nantucket,US,2020-09-29 15:11:02,41.28,-70.1,40,92,67.26199999999996,3.6
504,bay city,US,2020-09-29 15:11:03,43.59,-83.89,90,55,61.26799999999999,3.6
505,libreville,GA,2020-09-29 15:11:03,0.39,9.45,20,83,79.06999999999996,3.6
506,nome,US,2020-09-29 15:11:03,64.5,-165.41,75,60,43.26799999999999,1.5
507,necochea,AR,2020-09-29 15:06:26,-38.55,-58.74,0,53,67.26199999999996,2.68
508,atherton,GB,2020-09-29 15:11:04,53.52,-2.49,100,82,55.274000000000015,2.83
509,paraiso,CR,2020-09-29 15:11:04,9.84,-83.87,75,100,68.26999999999995,1.5
510,livingston,GB,2020-09-29 15:11:04,55.9,-3.52,25,76,49.26199999999996,2.6
511,solnechnyy,RU,2020-09-29 15:11:05,50.72,136.63,63,85,43.214000000000034,1.83
512,ostrovnoy,RU,2020-09-29 15:11:05,68.05,39.51,0,79,47.26400000000003,8.57
513,sur,OM,2020-09-29 15:11:06,22.57,59.53,0,52,82.41799999999998,4.63
514,amboasary,MG,2020-09-29 15:11:06,-25.03,46.38,20,78,71.86999999999996,8.2
515,deputatskiy,RU,2020-09-29 15:11:06,69.3,139.9,94,95,33.27799999999996,0.96
516,kieta,PG,2020-09-29 15:11:07,-6.22,155.63,92,65,83.48000000000005,1.25
517,essex,US,2020-09-29 15:09:55,40.78,-74.22,90,94,73.66999999999996,2.1
518,mosquera,CO,2020-09-29 15:06:53,4.71,-74.23,75,59,62.86999999999996,3.6
519,bang saphan,TH,2020-09-29 15:11:08,11.21,99.51,99,90,76.26199999999996,2.35
520,chagda,,,,,,,,
521,sobolevo,RU,2020-09-29 15:11:08,54.43,31.9,45,71,49.38800000000005,3.98
522,kilembe,UG,2020-09-29 15:11:08,0.2,30,30,77,60.92599999999999,1.67
523,road town,VG,2020-09-29 15:11:09,18.42,-64.62,21,88,85.26199999999996,0.89
524,manjacaze,MZ,2020-09-29 15:09:14,-24.71,33.88,100,88,70.19600000000005,4.7
525,saint-louis,SN,2020-09-29 15:11:09,16.33,-15,31,55,91.66999999999996,1
526,santa cruz de la palma,ES,2020-09-29 15:11:09,28.68,-17.76,75,78,73.66999999999996,6.2
527,tuatapere,NZ,2020-09-29 15:11:10,-46.13,167.68,97,91,43.26799999999999,2.68
528,saint-pierre,RE,2020-09-29 15:11:10,-21.34,55.48,20,77,70.06999999999996,2.1
529,altay,CN,2020-09-29 15:11:11,47.87,88.12,61,91,32.35999999999998,0.44
530,esil,KZ,2020-09-29 15:11:11,51.96,66.4,75,89,51.061999999999955,2.42
531,sao felix do xingu,BR,2020-09-29 15:11:12,-6.64,-51.99,43,51,85.15399999999995,0.25
532,ketchikan,US,2020-09-29 15:11:12,55.34,-131.65,90,81,53.86999999999996,3.1
533,namatanai,PG,2020-09-29 15:11:12,-3.67,152.43,66,75,82.63399999999999,3
534,dudinka,RU,2020-09-29 15:11:13,69.41,86.18,90,100,35.86999999999996,6
535,nyurba,RU,2020-09-29 15:11:13,63.28,118.33,34,96,25.951999999999977,2.1
536,tilichiki,RU,2020-09-29 15:11:14,60.47,166.1,100,94,40.80199999999998,4.03
537,capreol,CA,2020-09-29 15:11:14,46.71,-80.92,90,66,57.272000000000034,6.2
538,arlit,NE,2020-09-29 15:11:14,18.74,7.39,0,10,96.33200000000002,3.16
539,port antonio,JM,2020-09-29 15:11:15,18.18,-76.46,75,62,89.86999999999996,10.3
540,palu,ID,2020-09-29 15:11:15,-0.89,119.87,87,80,74.37200000000004,1.22
541,khasan,RU,2020-09-29 15:11:15,42.43,130.64,100,73,53.13200000000002,3.53
542,inhambane,MZ,2020-09-29 15:11:16,-23.86,35.38,62,86,73.85,1.84
543,srednekolymsk,RU,2020-09-29 15:11:16,67.45,153.68,91,87,43.411999999999956,3.65
544,mobaye,CF,2020-09-29 15:07:05,4.32,21.18,95,94,69.584,0.7
545,nedjo,ET,2020-09-29 15:07:10,9.5,35.5,100,95,58.55,0.21
546,bushehr,IR,2020-09-29 15:11:17,28.97,50.84,0,63,83.94800000000004,3.7
547,nyuzen,JP,2020-09-29 15:11:17,36.93,137.5,75,88,64.27400000000002,1
548,colares,PT,2020-09-29 15:11:17,38.8,-9.45,100,66,66.27200000000005,8.05
549,vila franca do campo,PT,2020-09-29 15:11:18,37.72,-25.43,20,77,66.46999999999997,5.1
550,ginir,ET,2020-09-29 15:11:18,7.13,40.7,88,89,61.592,2.16
551,ixtapa,MX,2020-09-29 15:11:19,20.7,-105.2,40,74,90.26600000000002,3.1
552,pullman,US,2020-09-29 15:10:47,46.73,-117.18,1,27,81.26600000000002,1.5
553,senmonorom,,,,,,,,
554,payo,ID,2020-09-29 15:11:19,-3.75,103.64,100,90,71.41999999999996,0.84
555,komsomolskiy,UZ,2020-09-29 15:11:20,40.43,71.72,73,54,55.66999999999996,1
556,oum hadjer,TD,2020-09-29 15:11:20,13.3,19.7,100,73,76.00999999999999,13.39
557,lebedinyy,RU,2020-09-29 15:11:21,58.52,125.52,99,98,35.50999999999998,2.39
558,charlestown,AU,2020-09-29 15:11:21,-32.95,151.67,100,76,64.27400000000002,2.6
559,grenville,GD,2020-09-29 15:11:21,12.12,-61.62,75,74,88.06999999999996,7.7
560,condoto,CO,2020-09-29 15:11:22,5.09,-76.65,99,92,77.39600000000004,1.2
561,shanghai,CN,2020-09-29 15:04:52,31.22,121.46,19,77,71.27599999999998,3
562,belyy yar,RU,2020-09-29 15:11:22,53.6,91.39,40,80,35.86999999999996,5
563,arkhangelos,,,,,,,,
564,bongandanga,CD,2020-09-29 15:11:23,1.5,21.05,80,97,69.20600000000003,0.61
565,dzerzhinskoye,RU,2020-09-29 15:11:23,56.83,95.23,7,97,27.64399999999997,1.92
566,weyburn,CA,2020-09-29 15:11:24,49.67,-103.85,100,48,56.26400000000004,11.62
567,general pico,AR,2020-09-29 15:07:29,-35.66,-63.76,0,47,70.01600000000002,1.7
568,terdal,IN,2020-09-29 15:11:24,16.5,75.05,85,92,70.28599999999997,3.7
569,tongzi,CN,2020-09-29 15:11:24,28.78,105.09,0,88,63.877999999999965,0.4
570,mount gambier,AU,2020-09-29 15:11:25,-37.83,140.77,90,93,53.86999999999996,4.6
571,inderborskiy,,,,,,,,
572,constantine,DZ,2020-09-29 15:11:25,36.37,6.61,62,42,68.26999999999995,3.6
573,lake charles,US,2020-09-29 15:11:26,30.21,-93.2,5,31,77.26999999999995,6.2
574,xapuri,BR,2020-09-29 15:11:19,-10.65,-68.5,75,59,91.66999999999996,2.6
575,hit,IQ,2020-09-29 15:11:26,33.64,42.83,0,24,80.25800000000001,3.28
576,henties bay,NA,2020-09-29 15:11:27,-22.12,14.28,0,89,53.27599999999999,1.93
577,iwade,JP,2020-09-29 15:07:54,34.25,135.32,75,82,68.26999999999995,2.6
578,hobyo,SO,2020-09-29 15:11:27,5.35,48.53,10,85,77.41400000000004,7.15
579,bud,US,2020-09-29 15:11:27,39.45,-86.18,40,51,62.27599999999999,3.1
580,batemans bay,AU,2020-09-29 15:11:28,-35.72,150.18,100,88,55.274000000000015,0.45
581,belmonte,BR,2020-09-29 15:11:28,-15.86,-38.88,0,73,77.26999999999995,4.6
582,bairiki,KI,2020-09-29 15:11:28,1.33,172.98,75,74,84.46999999999997,3.6
583,nurobod,UZ,2020-09-29 15:11:29,40.91,69.8,40,66,55.66999999999996,4.1
584,gunjur,GM,2020-09-29 15:11:29,13.2,-16.73,20,94,80.86999999999996,3.92
585,bustonkala,,,,,,,,
586,san sebastiano al vesuvio,IT,2020-09-29 15:11:30,40.84,14.37,24,76,57.469999999999956,0.33
587,cape canaveral,US,2020-09-29 15:11:30,28.41,-80.6,40,88,81.26600000000002,3.1
588,nicoya,CR,2020-09-29 15:11:30,10.15,-85.45,75,62,88.06999999999996,4.6
589,ojinaga,MX,2020-09-29 15:11:31,29.57,-104.42,1,14,80.86999999999996,4.1
590,lazo,RU,2020-09-29 15:11:31,43.38,133.9,100,73,48.127999999999965,1.68
591,morganton,US,2020-09-29 15:11:28,35.75,-81.68,90,77,61.26799999999999,1.85
592,dayong,CN,2020-09-29 15:11:32,25.02,118.29,90,83,75.46999999999997,4
593,krasnaya zarya,RU,2020-09-29 15:11:32,52.78,37.68,100,38,56.58800000000005,6.57
594,ramenskoye,RU,2020-09-29 15:11:32,55.57,38.23,82,70,46.66999999999996,2
595,moose factory,CA,2020-09-29 15:11:33,51.26,-80.61,75,93,52.069999999999965,3.6
596,vernon,CA,2020-09-29 15:11:33,50.26,-119.27,1,43,73.27400000000002,1.5
597,wajir,KE,2020-09-29 15:11:33,1.75,40.06,48,71,75.97400000000002,8.2
598,bodinayakkanur,IN,2020-09-29 15:11:34,10.02,77.35,100,75,74.174,2.17
599,gazalkent,UZ,2020-09-29 15:11:34,41.56,69.77,40,66,55.66999999999996,4.1
600,dharmanagar,IN,2020-09-29 15:11:34,24.37,92.17,100,97,77.48599999999996,0.95
601,nguiu,,,,,,,,
602,terme,TR,2020-09-29 15:11:35,41.21,36.97,75,83,70.06999999999996,3.6
603,gannan,CN,2020-09-29 15:11:35,47.91,123.5,0,71,42.332000000000015,1.37
604,tamandare,BR,2020-09-29 15:11:35,-8.76,-35.1,3,77,75.46999999999997,3.51
605,luau,AO,2020-09-29 15:11:36,-10.71,22.22,100,83,67.92799999999997,1.76
606,yumen,CN,2020-09-29 15:11:36,40.28,97.2,86,59,44.185999999999964,0.6
607,constitucion,CL,2020-09-29 15:09:01,-35.33,-72.42,95,77,52.91600000000001,6.85
608,tanga,TZ,2020-09-29 15:11:37,-5.07,39.1,94,84,75.12799999999996,2.35
609,mount pleasant,US,2020-09-29 15:11:37,32.79,-79.86,20,94,79.26799999999999,4.6
610,anchorage,US,2020-09-29 15:11:37,61.22,-149.9,1,66,51.27799999999996,3.1
611,tsihombe,,,,,,,,
612,geraldton,AU,2020-09-29 15:11:38,-28.77,114.6,40,93,48.469999999999956,3.6
613,guane,CU,2020-09-29 15:11:38,22.2,-84.09,9,64,86.32400000000001,2.5
614,celestun,MX,2020-09-29 15:11:39,20.87,-90.4,91,65,86.48599999999996,5.46
615,tianpeng,CN,2020-09-29 15:11:39,30.99,103.94,73,94,70.06999999999996,0.76
616,tobol,KZ,2020-09-29 15:11:39,52.68,62.58,41,92,48.092,2.33
617,flic en flac,MU,2020-09-29 15:11:40,-20.27,57.36,40,88,71.86999999999996,5.1
618,phan rang,,,,,,,,
619,kainantu,PG,2020-09-29 15:11:40,-6.29,145.87,57,82,65.04800000000003,1.14
620,ridgecrest,US,2020-09-29 15:07:24,35.62,-117.67,0,9,94.26199999999996,1.79
621,khonuu,,,,,,,,
622,kesan,TR,2020-09-29 15:11:41,40.86,26.63,20,68,66.46999999999997,2.6
623,grand river south east,,,,,,,,
624,kirksville,US,2020-09-29 15:11:41,40.19,-92.58,75,51,62.86999999999996,5.1
625,dicabisagan,PH,2020-09-29 15:11:42,17.08,122.42,96,82,79.46600000000001,1.61
626,kaeo,NZ,2020-09-29 15:10:33,-35.1,173.78,61,53,57.30800000000001,2.3
627,otane,NZ,2020-09-29 15:10:17,-39.88,176.63,78,56,53.492,1.12
628,pangnirtung,CA,2020-09-29 15:11:43,66.15,-65.71,20,88,32.26999999999996,3.1
629,uruzgan,AF,2020-09-29 15:11:43,32.83,66,0,68,43.141999999999996,0.64
630,endicott,US,2020-09-29 15:11:43,42.1,-76.05,90,93,57.272000000000034,2.1
631,san policarpo,PH,2020-09-29 15:11:44,12.18,125.51,97,84,78.76400000000004,2.1
632,rawson,AR,2020-09-29 15:10:48,-43.3,-65.1,71,77,49.38800000000005,5.17
633,shenkursk,RU,2020-09-29 15:11:44,62.11,42.9,96,88,47.35399999999995,2.44
634,nhulunbuy,AU,2020-09-29 15:11:44,-12.23,136.77,40,78,79.06999999999996,3.6
635,fountain,US,2020-09-29 15:11:45,38.68,-104.7,1,10,79.26799999999999,2.6
636,emba,KZ,2020-09-29 15:11:45,48.83,58.14,0,42,53.34800000000003,3.18
637,port blair,IN,2020-09-29 15:11:10,11.67,92.75,92,81,81.08599999999997,7.28
638,xiuyan,CN,2020-09-29 15:11:46,40.29,123.27,15,69,46.49000000000002,3.32
639,san andres,CO,2020-09-29 15:10:06,12.58,-81.7,75,74,84.46999999999997,1.5
